{
  "-6aa4f34": {
    "collection": "category",
    "query": {
      "offset": 2,
      "limit": 1
    }
  },
  "-24cc8595": {
    "collection": "category",
    "query": {
      "offset": 3,
      "limit": 1
    }
  },
  "3c17d3e9": {
    "collection": "product",
    "query": {
      "limit": 6,
      "offset": 0,
      "fields": [
        {
          "fieldPath": "category",
          "operatorName": "idin",
          "value": "category/new-arrivals.md"
        }
      ]
    }
  },
  "1f4a07e9": {
    "collection": "post"
  },
  "461035b6": {
    "collection": "product",
    "query": {
      "offset": 0,
      "limit": 2,
      "fields": [
        {
          "fieldPath": "category",
          "operatorName": "idin",
          "value": "category/top-rated.md"
        }
      ]
    }
  },
  "-28e1bebc": {
    "collection": "product",
    "query": {
      "offset": 1,
      "limit": 2,
      "fields": [
        {
          "fieldPath": "category",
          "operatorName": "idin",
          "value": "category/last-act.md"
        }
      ]
    }
  },
  "-24cb2878": {
    "collection": "category",
    "query": {
      "offset": 3,
      "limit": 4
    }
  },
  "-6250c9b9": {
    "collection": "category"
  },
  "219e2efb": {
    "collection": "product",
    "query": {
      "fields": [
        {
          "fieldPath": "category",
          "operatorName": "idin",
          "value": "DYN_CONTEXT"
        }
      ]
    }
  },
  "-6c91f3f5": {
    "collection": "post",
    "query": {
      "offset": 0,
      "limit": 2
    }
  },
  "-482a2e27": {
    "collection": "post",
    "query": {
      "fields": [
        {
          "fieldPath": "category-2",
          "operatorName": "eq",
          "value": "DYN_CONTEXT"
        }
      ]
    }
  },
  "25f39441": {
    "collection": "product",
    "query": {
      "limit": 100,
      "offset": 0
    }
  }
}